"C-type lectin receptor signaling pathway","CFTR_interactor","Cytokine-cytokine receptor interaction","Cytosolic DNA-sensing pathway","dorothea_tf","Estrogen signaling pathway","IL-17 signaling pathway","name","NF-kappa B signaling pathway","NOD-like receptor signaling pathway","Node_type","Osteoclast differentiation","pathway","receptor","receptor_ligand","Regulation of actin cytoskeleton","RIG-I-like receptor signaling pathway","selected","shared name","sum","T cell receptor signaling pathway","Th17 cell differentiation","TNF signaling pathway","Toll-like receptor signaling pathway","Viral protein interaction with cytokine and cytokine receptor"
"0","NA","0","0","false","0","0","MAP3K8","0","0","Protein","0","NA","false","false","0","0","false","MAP3K8","3","1","0","1","1","0"
"1","NA","0","0","false","0","0","MAP3K14","1","0","Protein","1","NA","false","false","0","0","false","MAP3K14","5","1","0","1","0","0"
"1","NA","0","0","true","0","0","IRF9","0","1","End point - TF","1","NA","false","false","0","0","false","IRF9","3","0","0","0","0","0"
"0","NA","0","0","false","0","0","TIAM1","0","0","Protein","0","Regulation of actin cytoskeleton","false","false","1","0","false","TIAM1","1","0","0","0","0","0"
"0","NA","0","0","false","0","0","DLG1","0","0","Protein","0","T cell receptor signaling pathway","false","false","0","0","false","DLG1","1","1","0","0","0","0"
"1","NA","0","0","false","0","1","MAPK14","0","1","Protein","1","NA","false","false","0","1","false","MAPK14","9","1","1","1","1","0"
"0","NA","0","0","false","0","0","BTK","1","0","Protein","1","NA","false","false","0","0","false","BTK","2","0","0","0","0","0"
"0","NA","0","0","false","0","0","BLNK","0","0","Protein","1","Osteoclast differentiation","false","false","0","0","false","BLNK","1","0","0","0","0","0"
"1","NA","0","0","false","0","0","CARD9","0","1","Protein","0","NA","false","false","0","0","false","CARD9","2","0","0","0","0","0"
"0","NA","0","0","false","0","0","NAMPT","0","1","Protein","0","NOD-like receptor signaling pathway","false","false","0","0","false","NAMPT","1","0","0","0","0","0"
"0","NA","0","0","false","0","0","ITCH","0","0","Protein","0","TNF signaling pathway","false","false","0","0","false","ITCH","1","0","0","1","0","0"
"0","NA","0","0","false","0","0","BRCC3","0","1","Protein","0","NOD-like receptor signaling pathway","false","false","0","0","false","BRCC3","1","0","0","0","0","0"
"0","NA","1","0","false","0","0","CXCL12","0","0","Receptor Ligand","0","NA","false","true","1","0","false","CXCL12","3","0","0","0","0","1"
"0","NA","1","0","false","0","0","CXCR4","0","0","Receptor","0","NA","true","false","1","0","false","CXCR4","2","0","0","0","0","0"
"1","NA","0","0","false","0","0","MAPKAPK2","0","0","Protein","0","C-type lectin receptor signaling pathway","false","false","0","0","false","MAPKAPK2","1","0","0","0","0","0"
"0","NA","0","0","false","0","1","GSK3B","0","0","Protein","0","NA","false","false","0","0","false","GSK3B","2","1","0","0","0","0"
"1","NA","0","0","true","0","0","NFATC1","0","0","End point - TF","1","NA","false","false","0","0","false","NFATC1","4","1","1","0","0","0"
"0","NA","0","0","false","1","0","GNAQ","0","0","Protein","0","Estrogen signaling pathway","false","false","0","0","false","GNAQ","1","0","0","0","0","0"
"0","FALSE","0","0","false","1","0","PLCB1","0","1","Protein","0","NA","false","false","0","0","false","PLCB1","2","0","0","0","0","0"
"0","NA","0","0","false","0","0","CFL1","0","0","End point - Regulation of actin cytoskeleton","0","Regulation of actin cytoskeleton","false","false","1","0","false","CFL1","1","0","0","0","0","0"
"0","NA","0","0","false","0","0","NLRP6","0","1","Protein","0","NOD-like receptor signaling pathway","false","false","0","0","false","NLRP6","1","0","0","0","0","0"
"0","NA","0","0","false","0","0","NLRP12","0","1","Protein","0","NOD-like receptor signaling pathway","false","false","0","0","false","NLRP12","1","0","0","0","0","0"
"0","NA","0","0","false","0","0","CDC42","0","0","Protein","0","Regulation of actin cytoskeleton","false","false","1","0","false","CDC42","1","0","0","0","0","0"
"0","NA","0","0","false","0","0","IQGAP1","0","0","End point - Regulation of actin cytoskeleton","0","Regulation of actin cytoskeleton","false","false","1","0","false","IQGAP1","1","0","0","0","0","0"
"0","NA","0","0","false","0","0","DIAPH3","0","0","Protein","0","Regulation of actin cytoskeleton","false","false","1","0","false","DIAPH3","1","0","0","0","0","0"
"1","NA","0","0","false","0","0","RHOA","0","1","Protein","0","NA","false","false","1","0","false","RHOA","3","0","0","0","0","0"
"0","NA","0","0","false","0","0","PKN1","0","1","Protein","0","NOD-like receptor signaling pathway","false","false","0","0","false","PKN1","1","0","0","0","0","0"
"0","NA","0","0","false","0","0","ARHGEF6","0","0","Protein","0","Regulation of actin cytoskeleton","false","false","1","0","false","ARHGEF6","1","0","0","0","0","0"
"0","NA","0","0","false","0","0","MYLK4","0","0","Protein","0","Regulation of actin cytoskeleton","false","false","1","0","false","MYLK4","1","0","0","0","0","0"
"0","NA","0","0","false","0","0","BAIAP2","0","0","Protein","0","Regulation of actin cytoskeleton","false","false","1","0","false","BAIAP2","1","0","0","0","0","0"
"0","NA","0","0","false","0","0","PIKFYVE","0","0","Protein","0","Regulation of actin cytoskeleton","false","false","1","0","false","PIKFYVE","1","0","0","0","0","0"
"0","NA","0","0","false","1","0","GNAS","0","0","Protein","0","Estrogen signaling pathway","false","false","0","0","false","GNAS","1","0","0","0","0","0"
"0","NA","0","0","false","1","0","ADCY1","0","0","Protein","0","Estrogen signaling pathway","false","false","0","0","false","ADCY1","1","0","0","0","0","0"
"0","TRUE","0","0","false","0","0","CSNK2A1","1","0","Protein","0","NF-kappa B signaling pathway","false","false","0","0","false","CSNK2A1","1","0","0","0","0","0"
"0","NA","0","0","false","0","0","XIAP","0","1","Protein","0","NOD-like receptor signaling pathway","false","false","0","0","false","XIAP","1","0","0","0","0","0"
"0","NA","0","0","false","0","0","FGD1","0","0","Protein","0","Regulation of actin cytoskeleton","false","false","1","0","false","FGD1","1","0","0","0","0","0"
"1","NA","0","0","false","0","0","MDM2","0","0","Protein","0","C-type lectin receptor signaling pathway","false","false","0","0","false","MDM2","1","0","0","0","0","0"
"1","NA","0","0","true","0","0","IRF1","0","0","End point - TF","0","NA","false","false","0","0","false","IRF1","2","0","0","1","0","0"
"1","NA","0","0","true","0","0","RELB","0","0","End point - TF","0","C-type lectin receptor signaling pathway","false","false","0","0","false","RELB","1","0","0","0","0","0"
"0","NA","0","0","false","0","0","NLRC4","0","1","Protein","0","NOD-like receptor signaling pathway","false","false","0","0","false","NLRC4","1","0","0","0","0","0"
"0","NA","0","0","false","0","0","RNASEL","0","1","Protein","0","NOD-like receptor signaling pathway","false","false","0","0","false","RNASEL","1","0","0","0","0","0"
"0","NA","0","0","false","0","0","DHX33","0","1","Protein","0","NOD-like receptor signaling pathway","false","false","0","0","false","DHX33","1","0","0","0","0","0"
"0","NA","0","0","false","0","0","BCL2L1","0","1","Protein","0","NOD-like receptor signaling pathway","false","false","0","0","false","BCL2L1","1","0","0","0","0","0"
"0","NA","0","0","false","0","0","ITK","0","0","Protein","0","T cell receptor signaling pathway","false","false","0","0","false","ITK","1","1","0","0","0","0"
"0","NA","0","0","false","0","0","TP53BP1","0","1","Protein","0","NOD-like receptor signaling pathway","false","false","0","0","false","TP53BP1","1","0","0","0","0","0"
"0","NA","0","0","false","0","0","BIRC2","1","1","Protein","0","NA","false","false","0","0","false","BIRC2","3","0","0","1","0","0"
"0","NA","0","0","false","0","0","SLK","0","0","Protein","1","Osteoclast differentiation","false","false","0","0","false","SLK","1","0","0","0","0","0"
"0","NA","0","0","false","0","0","GAB2","0","0","Protein","1","Osteoclast differentiation","false","false","0","0","false","GAB2","1","0","0","0","0","0"
"0","NA","0","0","false","0","0","NAIP","0","1","Protein","0","NOD-like receptor signaling pathway","false","false","0","0","false","NAIP","1","0","0","0","0","0"
"0","NA","0","0","false","0","0","TANK","0","1","Protein","0","NA","false","false","0","1","false","TANK","2","0","0","0","0","0"
"1","NA","0","0","false","0","0","PAK1","0","0","Protein","0","C-type lectin receptor signaling pathway","false","false","0","0","false","PAK1","1","0","0","0","0","0"
"0","NA","0","0","false","0","1","FADD","0","1","Protein","0","NA","false","false","0","0","false","FADD","4","0","0","1","1","0"
"0","NA","0","0","false","0","1","CASP3","0","0","End point - Caspases","0","NA","false","false","0","0","false","CASP3","2","0","0","1","0","0"
"0","NA","0","0","false","0","0","CASP10","0","0","Protein","0","TNF signaling pathway","false","false","0","0","false","CASP10","1","0","0","1","0","0"
"1","NA","0","0","false","0","0","CBLB","0","0","Protein","0","NA","false","false","0","0","false","CBLB","2","1","0","0","0","0"
"1","NA","0","0","false","0","0","CLEC6A","0","0","Protein","0","C-type lectin receptor signaling pathway","false","false","0","0","false","CLEC6A","1","0","0","0","0","0"
"0","FALSE","0","0","false","1","0","PLCB3","0","1","Protein","0","NA","false","false","0","0","false","PLCB3","2","0","0","0","0","0"
"1","NA","0","0","false","0","0","CLEC7A","0","0","Receptor","0","C-type lectin receptor signaling pathway","true","false","0","0","false","CLEC7A","1","0","0","0","0","0"
"1","NA","0","0","false","1","0","PRKCD","0","1","Protein","0","NA","false","false","0","0","false","PRKCD","3","0","0","0","0","0"
"0","NA","0","0","false","1","0","GRM1","0","0","Receptor","0","Estrogen signaling pathway","true","false","0","0","false","GRM1","1","0","0","0","0","0"
"1","NA","0","0","false","1","0","ITPR1","0","1","Receptor","0","NA","true","false","0","0","false","ITPR1","3","0","0","0","0","0"
"0","NA","0","1","false","0","0","RIPK1","1","0","Protein","0","NA","false","false","0","0","false","RIPK1","4","0","0","1","1","0"
"0","NA","0","0","false","0","0","TLR4","1","1","Receptor","0","NA","true","false","0","0","false","TLR4","3","0","0","0","1","0"
"0","NA","0","0","false","0","0","TICAM2","0","0","Protein","0","Toll-like receptor signaling pathway","false","false","0","0","false","TICAM2","1","0","0","0","1","0"
"0","NA","0","0","true","0","0","PIN1","0","0","Protein","0","RIG-I-like receptor signaling pathway","false","false","0","1","false","PIN1","1","0","0","0","0","0"
"0","NA","0","0","false","0","0","TICAM1","0","1","Protein","0","NA","false","false","0","0","false","TICAM1","2","0","0","0","1","0"
"0","NA","0","1","true","0","0","IRF3","0","1","End point - TF","0","NA","false","false","0","1","false","IRF3","4","0","0","0","1","0"
"0","NA","0","0","false","0","0","MYD88","0","1","Protein","0","NA","false","false","0","0","false","MYD88","2","0","0","0","1","0"
"0","NA","0","1","false","0","0","RIPK3","0","1","Protein","0","NA","false","false","0","0","false","RIPK3","3","0","0","1","0","0"
"0","NA","1","0","false","0","0","IL16","0","0","Receptor Ligand","0","Cytokine-cytokine receptor interaction","false","true","0","0","false","IL16","1","0","0","0","0","0"
"0","NA","0","0","false","0","0","WASL","0","0","Protein","0","Regulation of actin cytoskeleton","false","false","1","0","false","WASL","1","0","0","0","0","0"
"0","NA","0","0","false","0","0","GIT1","0","0","Protein","0","Regulation of actin cytoskeleton","false","false","1","0","false","GIT1","1","0","0","0","0","0"
"0","NA","0","0","false","0","0","ARPC5","0","0","End point - Regulation of actin cytoskeleton","0","Regulation of actin cytoskeleton","false","false","1","0","false","ARPC5","1","0","0","0","0","0"
"0","NA","0","0","false","0","0","DDX3X","0","0","Protein","0","RIG-I-like receptor signaling pathway","false","false","0","1","false","DDX3X","1","0","0","0","0","0"
"0","NA","0","0","false","0","0","DOCK1","0","0","Protein","0","Regulation of actin cytoskeleton","false","false","1","0","false","DOCK1","1","0","0","0","0","0"
"0","NA","0","0","false","0","0","FHL2","0","0","Protein","1","Osteoclast differentiation","false","false","0","0","false","FHL2","1","0","0","0","0","0"
"0","NA","0","1","false","0","1","TBK1","0","1","Protein","0","NA","false","false","0","1","false","TBK1","4","0","0","0","0","0"
"0","NA","0","0","false","0","0","MAP2K7","0","0","Protein","1","NA","false","false","0","0","false","MAP2K7","4","1","0","1","1","0"
"0","NA","0","0","false","0","0","TRIM25","1","0","Protein","0","NA","false","false","0","1","false","TRIM25","2","0","0","0","0","0"
"1","NA","0","0","false","0","0","MAPK8","0","1","Protein","1","NA","false","false","0","1","false","MAPK8","8","1","1","1","1","0"
"1","NA","0","0","false","1","0","CALML6","0","0","Protein","0","NA","false","false","0","0","false","CALML6","2","0","0","0","0","0"
"0","NA","0","1","false","0","0","CASP1","0","1","End point - Caspases","0","NA","false","false","0","0","false","CASP1","2","0","0","0","0","0"
"0","NA","1","0","false","0","0","TNFSF11","1","0","Receptor Ligand","1","NA","false","true","0","0","false","TNFSF11","3","0","0","0","0","0"
"0","NA","1","0","false","0","0","TNFRSF11A","1","0","Receptor","1","NA","true","false","0","0","false","TNFRSF11A","3","0","0","0","0","0"
"0","NA","0","0","false","0","0","CASP7","0","0","End point - Caspases","0","TNF signaling pathway","false","false","0","0","false","CASP7","1","0","0","1","0","0"
"0","NA","0","1","false","0","0","AIM2","0","1","Protein","0","NA","false","false","0","0","false","AIM2","2","0","0","0","0","0"
"0","NA","0","0","false","0","0","TLR1","0","0","Receptor","0","Toll-like receptor signaling pathway","true","false","0","0","false","TLR1","1","0","0","0","1","0"
"1","NA","0","1","false","0","0","PYCARD","0","1","Protein","0","NA","false","false","0","0","false","PYCARD","3","0","0","0","0","0"
"0","NA","0","0","false","0","0","TRIP6","0","1","Protein","0","NOD-like receptor signaling pathway","false","false","0","0","false","TRIP6","1","0","0","0","0","0"
"0","NA","0","0","false","0","0","TAB2","0","0","Protein","0","Toll-like receptor signaling pathway","false","false","0","0","false","TAB2","1","0","0","0","1","0"
"1","NA","0","0","false","0","0","IKBKB","1","0","Protein","1","NA","false","false","0","1","false","IKBKB","7","1","0","1","1","0"
"0","NA","0","0","false","0","1","IL17A","0","0","Receptor Ligand","0","NA","false","true","0","0","false","IL17A","2","0","1","0","0","0"
"1","NA","0","1","true","0","1","NFKB1","1","1","End point - TF","1","NA","false","false","0","1","false","NFKB1","10","1","0","1","1","0"
"0","NA","0","1","false","0","1","NFKBIA","1","1","Protein","1","NA","false","false","0","1","false","NFKBIA","10","1","1","1","1","0"
"0","NA","0","0","false","0","1","IL17RA","0","0","Receptor","0","IL-17 signaling pathway","true","false","0","0","false","IL17RA","1","0","0","0","0","0"
"0","NA","0","0","true","0","0","CREB1","0","0","End point - TF","1","Osteoclast differentiation","false","false","0","0","false","CREB1","1","0","0","0","0","0"
"1","NA","0","0","false","0","0","IKBKG","0","1","Protein","0","NA","false","false","0","1","false","IKBKG","5","1","0","1","0","0"
"0","NA","0","0","false","0","0","IFI16","0","1","Protein","0","NOD-like receptor signaling pathway","false","false","0","0","false","IFI16","1","0","0","0","0","0"
"0","NA","0","0","false","0","0","PPP1R12A","0","0","Protein","0","Regulation of actin cytoskeleton","false","false","1","0","false","PPP1R12A","1","0","0","0","0","0"
"0","NA","0","0","false","0","0","STING1","0","1","Protein","0","NA","false","false","0","1","false","STING1","2","0","0","0","0","0"
"0","NA","0","0","false","0","0","MYL12B","0","0","End point - Regulation of actin cytoskeleton","0","Regulation of actin cytoskeleton","false","false","1","0","false","MYL12B","1","0","0","0","0","0"
"1","NA","0","1","false","0","0","CHUK","1","1","Protein","1","NA","false","false","0","0","false","CHUK","9","1","1","1","1","0"
"0","NA","0","0","false","0","0","TKFC","0","0","Protein","0","RIG-I-like receptor signaling pathway","false","false","0","1","false","TKFC","1","0","0","0","0","0"
"0","NA","0","0","false","0","0","IFIH1","0","0","Protein","0","RIG-I-like receptor signaling pathway","false","false","0","1","false","IFIH1","1","0","0","0","0","0"
"1","NA","0","0","true","0","0","NFKB2","1","0","End point - TF","1","NA","false","false","0","0","false","NFKB2","3","0","0","0","0","0"
"0","NA","0","0","false","0","0","PYDC2","0","1","Protein","0","NOD-like receptor signaling pathway","false","false","0","0","false","PYDC2","1","0","0","0","0","0"
"0","NA","0","1","true","0","0","IRF7","0","0","End point - TF","0","NA","false","false","0","1","false","IRF7","3","0","0","0","1","0"
"0","NA","0","0","false","0","0","TLR3","0","0","Receptor","0","Toll-like receptor signaling pathway","true","false","0","0","false","TLR3","1","0","0","0","1","0"
"0","NA","0","0","false","0","0","PAN3","0","1","Protein","0","NOD-like receptor signaling pathway","false","false","0","0","false","PAN3","1","0","0","0","0","0"
"0","NA","0","0","false","0","0","CFLAR","1","0","Protein","0","NA","false","false","0","0","false","CFLAR","2","0","0","1","0","0"
"0","NA","0","0","false","0","0","CARD16","0","1","Protein","0","NOD-like receptor signaling pathway","false","false","0","0","false","CARD16","1","0","0","0","0","0"
"0","NA","0","0","false","0","0","GPRC6A","0","1","Receptor","0","NOD-like receptor signaling pathway","true","false","0","0","false","GPRC6A","1","0","0","0","0","0"
"1","NA","0","0","false","0","0","CASP8","0","1","Protein","0","NA","false","false","0","0","false","CASP8","4","0","0","1","1","0"
"0","NA","0","0","false","0","0","MAP3K5","0","0","Protein","0","TNF signaling pathway","false","false","0","0","false","MAP3K5","1","0","0","1","0","0"
"0","NA","0","0","false","0","0","SOCS1","0","0","Protein","1","Osteoclast differentiation","false","false","0","0","false","SOCS1","1","0","0","0","0","0"
"0","NA","0","0","false","0","0","JAK1","0","1","Protein","1","NA","false","false","0","0","false","JAK1","2","0","0","0","0","0"
"0","NA","0","0","false","0","0","ATG16L1","0","1","Protein","0","NOD-like receptor signaling pathway","false","false","0","0","false","ATG16L1","1","0","0","0","0","0"
"0","NA","0","0","false","0","0","PDPK1","0","0","Protein","0","T cell receptor signaling pathway","false","false","0","0","false","PDPK1","1","1","0","0","0","0"
"0","NA","0","0","false","0","0","ATG5","0","1","Protein","0","NOD-like receptor signaling pathway","false","false","0","0","false","ATG5","1","0","0","0","0","0"
"0","NA","0","0","false","0","0","IL27RA","0","0","Receptor","0","Th17 cell differentiation","true","false","0","0","false","IL27RA","1","0","1","0","0","0"
"1","NA","0","0","false","1","0","AKT3","0","0","Protein","1","NA","false","false","0","0","false","AKT3","6","1","0","1","1","0"
"0","NA","0","0","false","0","0","CASP12","0","1","Protein","0","NOD-like receptor signaling pathway","false","false","0","0","false","CASP12","1","0","0","0","0","0"
"0","NA","0","0","false","0","0","MEFV","0","1","Protein","0","NOD-like receptor signaling pathway","false","false","0","0","false","MEFV","1","0","0","0","0","0"
"0","NA","1","0","false","0","0","IL34","0","0","Receptor Ligand","0","NA","false","true","0","0","false","IL34","2","0","0","0","0","1"
"0","NA","0","0","false","0","0","PSTPIP1","0","1","Protein","0","NOD-like receptor signaling pathway","false","false","0","0","false","PSTPIP1","1","0","0","0","0","0"
"0","NA","0","0","false","0","0","MFN1","0","1","Protein","0","NOD-like receptor signaling pathway","false","false","0","0","false","MFN1","1","0","0","0","0","0"
"0","NA","0","0","false","0","0","MAP3K7","1","1","Protein","1","NA","false","false","0","1","false","MAP3K7","7","1","0","1","1","0"
"0","NA","0","0","false","0","0","NLRX1","0","1","Protein","0","NA","false","false","0","1","false","NLRX1","2","0","0","0","0","0"
"0","NA","0","0","false","0","0","MAP2K3","0","0","Protein","0","NA","false","false","0","0","false","MAP2K3","2","0","0","1","1","0"
"0","NA","0","0","false","0","0","MAP2K6","0","0","Protein","1","Osteoclast differentiation","false","false","0","0","false","MAP2K6","1","0","0","0","0","0"
"0","NA","0","0","false","0","0","MLKL","0","0","Protein","0","TNF signaling pathway","false","false","0","0","false","MLKL","1","0","0","1","0","0"
"0","NA","0","0","false","1","0","MAP2K1","0","0","Protein","1","NA","false","false","1","0","false","MAP2K1","6","1","0","1","1","0"
"0","NA","0","0","false","0","0","PGAM5","0","0","Protein","0","TNF signaling pathway","false","false","0","0","false","PGAM5","1","0","0","1","0","0"
"0","NA","0","0","false","0","0","RIPK2","0","1","Protein","0","NOD-like receptor signaling pathway","false","false","0","0","false","RIPK2","1","0","0","0","0","0"
"0","NA","0","0","false","0","0","GPR26","0","0","Receptor","0","Regulation of actin cytoskeleton","true","false","1","0","false","GPR26","1","0","0","0","0","0"
"0","NA","0","0","false","0","0","IL27","0","0","Receptor Ligand","0","Th17 cell differentiation","false","true","0","0","false","IL27","1","0","1","0","0","0"
"0","NA","0","0","false","0","0","TRAF3","1","1","Receptor","0","NA","true","false","0","1","false","TRAF3","4","0","0","0","1","0"
"0","NA","0","0","false","0","0","TAB1","0","1","Protein","0","NA","false","false","0","0","false","TAB1","2","0","0","0","1","0"
"0","NA","0","0","false","0","0","NEK7","0","1","Protein","0","NOD-like receptor signaling pathway","false","false","0","0","false","NEK7","1","0","0","0","0","0"
"0","NA","0","0","false","0","0","LAT","1","0","Protein","0","NA","false","false","0","0","false","LAT","3","1","1","0","0","0"
"0","NA","0","0","false","0","0","EDARADD","1","0","Protein","0","NF-kappa B signaling pathway","false","false","0","0","false","EDARADD","1","0","0","0","0","0"
"0","NA","0","0","false","0","0","NLRP7","0","1","Protein","0","NOD-like receptor signaling pathway","false","false","0","0","false","NLRP7","1","0","0","0","0","0"
"0","NA","0","0","false","0","0","GRAP2","0","0","Protein","0","T cell receptor signaling pathway","false","false","0","0","false","GRAP2","1","1","0","0","0","0"
"0","NA","0","0","false","0","0","PLCG1","1","0","Protein","0","NA","false","false","0","0","false","PLCG1","3","1","1","0","0","0"
"0","NA","0","0","false","0","0","PYDC1","0","1","Protein","0","NOD-like receptor signaling pathway","false","false","0","0","false","PYDC1","1","0","0","0","0","0"
"0","NA","0","0","false","0","1","TRAF3IP2","0","0","Protein","0","IL-17 signaling pathway","false","false","0","0","false","TRAF3IP2","1","0","0","0","0","0"
"1","NA","0","0","false","0","0","CLEC4D","0","0","Protein","0","C-type lectin receptor signaling pathway","false","false","0","0","false","CLEC4D","1","0","0","0","0","0"
"0","NA","0","0","false","0","1","TRAF6","1","1","Receptor","0","NA","true","false","0","1","false","TRAF6","5","0","0","0","1","0"
"0","NA","0","0","false","0","0","SSH1","0","0","Protein","0","Regulation of actin cytoskeleton","false","false","1","0","false","SSH1","1","0","0","0","0","0"
"0","NA","0","0","false","0","0","LPAR1","0","0","Receptor","0","Regulation of actin cytoskeleton","true","false","1","0","false","LPAR1","1","0","0","0","0","0"
"0","NA","0","0","false","0","0","TYROBP","0","0","Protein","1","Osteoclast differentiation","false","false","0","0","false","TYROBP","1","0","0","0","0","0"
"0","NA","1","0","false","0","0","EDA","1","0","Receptor Ligand","0","NA","false","true","0","0","false","EDA","2","0","0","0","0","0"
"1","TRUE","0","0","false","0","0","SYK","1","0","Protein","1","NA","false","false","0","0","false","SYK","3","0","0","0","0","0"
"0","NA","0","0","false","0","0","TLR5","0","0","Receptor","0","Toll-like receptor signaling pathway","true","false","0","0","false","TLR5","1","0","0","0","1","0"
"0","NA","1","0","false","0","0","EDA2R","1","0","Receptor","0","NA","true","false","0","0","false","EDA2R","2","0","0","0","0","0"
"0","NA","1","0","false","0","0","EDAR","1","0","Receptor","0","NA","true","false","0","0","false","EDAR","2","0","0","0","0","0"
"0","NA","0","0","false","0","0","TLR2","0","0","Receptor","0","Toll-like receptor signaling pathway","true","false","0","0","false","TLR2","1","0","0","0","1","0"
"0","NA","0","0","false","0","0","RAC1","0","0","Protein","1","NA","false","false","1","0","false","RAC1","3","0","0","0","1","0"
"0","NA","0","0","false","0","0","DHX58","0","0","Protein","0","RIG-I-like receptor signaling pathway","false","false","0","1","false","DHX58","1","0","0","0","0","0"
"0","NA","0","0","false","0","0","DIAPH1","0","0","Protein","0","Regulation of actin cytoskeleton","false","false","1","0","false","DIAPH1","1","0","0","0","0","0"
"0","NA","0","0","false","0","0","RNF125","0","0","Protein","0","RIG-I-like receptor signaling pathway","false","false","0","1","false","RNF125","1","0","0","0","0","0"
"0","NA","0","0","false","0","0","OTUD5","0","0","Protein","0","RIG-I-like receptor signaling pathway","false","false","0","1","false","OTUD5","1","0","0","0","0","0"
"0","NA","0","0","false","0","0","PFN","0","0","End point - Regulation of actin cytoskeleton","0","Regulation of actin cytoskeleton","false","false","1","0","false","PFN","1","0","0","0","0","0"
"0","NA","0","0","false","0","0","DNM1L","0","1","End point - Others","0","NA","false","false","0","0","false","DNM1L","2","0","0","1","0","0"
"0","NA","0","0","false","0","0","RPS6KA4","0","0","Protein","0","TNF signaling pathway","false","false","0","0","false","RPS6KA4","1","0","0","1","0","0"
"0","NA","0","0","false","0","0","ERBIN","0","1","Protein","0","NOD-like receptor signaling pathway","false","false","0","0","false","ERBIN","1","0","0","0","0","0"
"0","NA","0","0","true","1","0","CREB3","0","0","End point - TF","0","NA","false","false","0","0","false","CREB3","2","0","0","1","0","0"
"0","NA","0","0","false","0","0","LCP2","0","0","Protein","0","T cell receptor signaling pathway","false","false","0","0","false","LCP2","1","1","0","0","0","0"
"0","NA","0","0","false","0","0","NOD2","0","1","Protein","0","NOD-like receptor signaling pathway","false","false","0","0","false","NOD2","1","0","0","0","0","0"
"0","NA","0","0","false","1","0","HBEGF","0","0","Protein","0","Estrogen signaling pathway","false","false","0","0","false","HBEGF","1","0","0","0","0","0"
"0","NA","0","0","false","0","0","PAK3","0","0","Protein","0","NA","false","false","1","0","false","PAK3","2","1","0","0","0","0"
"0","NA","0","0","false","0","0","LIMK1","0","0","Protein","0","Regulation of actin cytoskeleton","false","false","1","0","false","LIMK1","1","0","0","0","0","0"
"0","NA","0","0","false","1","0","GPER1","0","0","Receptor","0","Estrogen signaling pathway","true","false","0","0","false","GPER1","1","0","0","0","0","0"
"0","NA","0","0","false","0","0","ARHGEF7","0","0","Protein","0","Regulation of actin cytoskeleton","false","false","1","0","false","ARHGEF7","1","0","0","0","0","0"
"0","NA","0","0","false","0","0","SIKE1","0","0","Protein","0","RIG-I-like receptor signaling pathway","false","false","0","1","false","SIKE1","1","0","0","0","0","0"
"0","NA","0","0","false","0","1","TRAF4","0","0","Receptor","0","IL-17 signaling pathway","true","false","0","0","false","TRAF4","1","0","0","0","0","0"
"1","NA","0","0","false","0","0","ARHGEF12","0","0","Protein","0","NA","false","false","1","0","false","ARHGEF12","2","0","0","0","0","0"
"0","NA","0","0","false","0","0","CARD6","0","1","Protein","0","NOD-like receptor signaling pathway","false","false","0","0","false","CARD6","1","0","0","0","0","0"
"0","NA","0","0","false","0","0","ATG12","0","1","Protein","0","NOD-like receptor signaling pathway","false","false","0","0","false","ATG12","1","0","0","0","0","0"
"0","NA","0","0","false","0","0","GABARAP","0","1","End point - Others","0","NOD-like receptor signaling pathway","false","false","0","0","false","GABARAP","1","0","0","0","0","0"
"0","NA","0","0","false","0","0","RBCK1","0","1","Protein","0","NOD-like receptor signaling pathway","false","false","0","0","false","RBCK1","1","0","0","0","0","0"
"0","NA","0","0","false","0","0","RASGRP1","0","0","Protein","0","T cell receptor signaling pathway","false","false","0","0","false","RASGRP1","1","1","0","0","0","0"
"0","NA","0","1","false","0","0","ZBP1","0","0","Protein","0","Cytosolic DNA-sensing pathway","false","false","0","0","false","ZBP1","1","0","0","0","0","0"
"0","NA","0","0","false","1","0","HRAS","0","0","Protein","0","NA","false","false","0","0","false","HRAS","2","1","0","0","0","0"
"1","NA","0","0","false","0","0","CLEC4M","0","0","Protein","0","C-type lectin receptor signaling pathway","false","false","0","0","false","CLEC4M","1","0","0","0","0","0"
"0","NA","0","0","false","0","0","TXNIP","0","1","Protein","0","NOD-like receptor signaling pathway","false","false","0","0","false","TXNIP","1","0","0","0","0","0"
"0","NA","0","0","false","0","0","BAG4","0","0","Protein","0","TNF signaling pathway","false","false","0","0","false","BAG4","1","0","0","1","0","0"
"0","NA","0","0","false","0","0","TXN2","0","1","Protein","0","NOD-like receptor signaling pathway","false","false","0","0","false","TXN2","1","0","0","0","0","0"
"0","NA","1","0","false","0","0","TNFRSF1A","1","0","Receptor","1","NA","true","false","0","0","false","TNFRSF1A","5","0","0","1","0","1"
"0","NA","0","1","false","0","0","RIGI","1","0","Protein","0","NA","false","false","0","1","false","RIGI","3","0","0","0","0","0"
"0","NA","0","0","false","0","0","TLR9","0","0","Receptor","0","Toll-like receptor signaling pathway","true","false","0","0","false","TLR9","1","0","0","0","1","0"
"0","NA","0","0","false","0","0","TRAF2","1","1","Receptor","1","NA","true","false","0","1","false","TRAF2","5","0","0","1","0","0"
"0","NA","0","1","false","0","0","MAVS","0","1","Protein","0","NA","false","false","0","1","false","MAVS","3","0","0","0","0","0"
"0","NA","0","0","false","0","0","TLR7","0","0","Receptor","0","Toll-like receptor signaling pathway","true","false","0","0","false","TLR7","1","0","0","0","1","0"
"0","NA","0","0","false","0","0","APC2","0","0","Protein","0","Regulation of actin cytoskeleton","false","false","1","0","false","APC2","1","0","0","0","0","0"
"1","NA","0","0","false","0","0","CLEC1B","0","0","Protein","0","C-type lectin receptor signaling pathway","false","false","0","0","false","CLEC1B","1","0","0","0","0","0"
"0","NA","0","0","false","0","0","SPATA13","0","0","Protein","0","Regulation of actin cytoskeleton","false","false","1","0","false","SPATA13","1","0","0","0","0","0"
"0","NA","0","0","false","1","0","GABBR1","0","0","Receptor","0","Estrogen signaling pathway","true","false","0","0","false","GABBR1","1","0","0","0","0","0"
"0","NA","0","0","false","0","1","USP25","0","0","Protein","0","IL-17 signaling pathway","false","false","0","0","false","USP25","1","0","0","0","0","0"
"1","NA","0","0","false","0","0","BCL10","0","0","Protein","0","NA","false","false","0","0","false","BCL10","2","1","0","0","0","0"
"0","NA","0","0","false","0","1","USP21","0","0","Protein","0","IL-17 signaling pathway","false","false","0","0","false","USP21","1","0","0","0","0","0"
"1","NA","0","0","false","0","0","MALT1","1","0","Protein","0","NA","false","false","0","0","false","MALT1","3","1","0","0","0","0"
"0","NA","0","0","false","1","0","EGFR","0","0","Receptor","0","NA","true","false","1","0","false","EGFR","2","0","0","0","0","0"
"1","NA","0","0","false","0","0","CLEC4E","0","0","Protein","0","C-type lectin receptor signaling pathway","false","false","0","0","false","CLEC4E","1","0","0","0","0","0"
"1","NA","0","0","false","1","0","PIK3CA","0","0","Protein","1","NA","false","false","1","0","false","PIK3CA","7","1","0","1","1","0"
"0","NA","0","0","false","0","0","ENAH","0","0","End point - Regulation of actin cytoskeleton","0","Regulation of actin cytoskeleton","false","false","1","0","false","ENAH","1","0","0","0","0","0"
"0","NA","0","0","false","1","0","SHC2","0","0","Protein","0","Estrogen signaling pathway","false","false","0","0","false","SHC2","1","0","0","0","0","0"
"0","NA","0","0","false","1","0","SOS1","0","0","Protein","0","NA","false","false","1","0","false","SOS1","3","1","0","0","0","0"
"0","NA","0","0","false","0","0","WASF2","0","0","Protein","0","Regulation of actin cytoskeleton","false","false","1","0","false","WASF2","1","0","0","0","0","0"
"0","NA","0","0","false","0","0","NOD1","0","1","Protein","0","NOD-like receptor signaling pathway","false","false","0","0","false","NOD1","1","0","0","0","0","0"
"0","NA","0","0","false","0","0","F2","0","0","Receptor Ligand","0","Regulation of actin cytoskeleton","false","true","1","0","false","F2","1","0","0","0","0","0"
"0","NA","0","0","false","0","0","F2R","0","0","Receptor","0","Regulation of actin cytoskeleton","true","false","1","0","false","F2R","1","0","0","0","0","0"
"0","NA","0","0","false","0","0","TLR6","0","0","Receptor","0","Toll-like receptor signaling pathway","true","false","0","0","false","TLR6","1","0","0","0","1","0"
"0","NA","0","0","false","0","0","CARD8","0","1","Protein","0","NOD-like receptor signaling pathway","false","false","0","0","false","CARD8","1","0","0","0","0","0"
"0","NA","0","0","false","0","0","KNG1","0","0","Protein","0","Regulation of actin cytoskeleton","false","false","1","0","false","KNG1","1","0","0","0","0","0"
"0","NA","0","0","false","0","0","CHRM1","0","0","Receptor","0","Regulation of actin cytoskeleton","true","false","1","0","false","CHRM1","1","0","0","0","0","0"
"0","NA","0","0","false","0","0","ACTN4","0","0","End point - Regulation of actin cytoskeleton","0","Regulation of actin cytoskeleton","false","false","1","0","false","ACTN4","1","0","0","0","0","0"
"0","NA","0","0","false","0","0","GSN","0","0","End point - Regulation of actin cytoskeleton","0","Regulation of actin cytoskeleton","false","false","1","0","false","GSN","1","0","0","0","0","0"
"1","NA","0","0","false","1","0","RAF1","0","0","Protein","0","NA","false","false","0","0","false","RAF1","3","1","0","0","0","0"
"0","NA","0","0","false","0","0","VCL","0","0","End point - Regulation of actin cytoskeleton","0","Regulation of actin cytoskeleton","false","false","1","0","false","VCL","1","0","0","0","0","0"
"0","NA","0","0","false","1","0","KRAS","0","0","Protein","0","Estrogen signaling pathway","false","false","0","0","false","KRAS","1","0","0","0","0","0"
"0","NA","0","0","false","0","0","EGF","0","0","Protein","0","Regulation of actin cytoskeleton","false","false","1","0","false","EGF","1","0","0","0","0","0"
"0","NA","0","0","false","0","0","PXN","0","0","End point - Regulation of actin cytoskeleton","0","Regulation of actin cytoskeleton","false","false","1","0","false","PXN","1","0","0","0","0","0"
"0","NA","0","0","false","0","0","SUGT1","0","1","Protein","0","NOD-like receptor signaling pathway","false","false","0","0","false","SUGT1","1","0","0","0","0","0"
"0","NA","0","0","true","0","0","IRF5","0","0","End point - TF","0","Toll-like receptor signaling pathway","false","false","0","0","false","IRF5","1","0","0","0","1","0"
"0","NA","0","0","false","0","0","ICOS","0","0","Protein","0","T cell receptor signaling pathway","false","false","0","0","false","ICOS","1","1","0","0","0","0"
"0","NA","0","0","false","1","0","POMC","0","0","Protein","0","Estrogen signaling pathway","false","false","0","0","false","POMC","1","0","0","0","0","0"
"0","NA","0","0","false","1","0","OPRM1","0","0","Receptor","0","Estrogen signaling pathway","true","false","0","0","false","OPRM1","1","0","0","0","0","0"
"0","NA","0","0","false","0","0","LY96","0","0","Protein","0","Toll-like receptor signaling pathway","false","false","0","0","false","LY96","1","0","0","0","1","0"
"0","NA","0","0","false","0","0","PYDC5","0","1","Protein","0","NOD-like receptor signaling pathway","false","false","0","0","false","PYDC5","1","0","0","0","0","0"
,"TRUE",,,"false",,,"SLC9A3R1",,,"Protein",,"NA","false","false",,,"false","SLC9A3R1",,,,,,
,"TRUE",,,"false",,,"PRKCE",,,"Protein",,"NA","false","false",,,"false","PRKCE",,,,,,
"0","NA","0","0","false","0","0","INS","0","0","Protein","0","Regulation of actin cytoskeleton","false","false","1","0","false","INS","1","0","0","0","0","0"
,"FALSE",,,"false",,,"CFTR",,,"CFTR",,"NA","false","false",,,"false","CFTR",,,,,,
"0","NA","1","0","false","0","0","LTA","0","0","Receptor Ligand","0","NA","false","true","0","0","false","LTA","3","0","0","1","0","1"
,"TRUE",,,"false",,,"CAV2",,,"Protein",,"NA","false","false",,,"false","CAV2",,,,,,
"0","NA","1","0","false","0","0","TNFRSF1B","0","0","Receptor","0","NA","true","false","0","0","false","TNFRSF1B","3","0","0","1","0","1"
,"TRUE",,,"false",,,"CAV1",,,"Protein",,"NA","false","false",,,"false","CAV1",,,,,,
"0","NA","1","0","false","0","1","TNF","1","1","Receptor Ligand","1","NA","false","true","0","1","false","TNF","10","1","0","1","1","1"
"0","NA","0","1","false","0","0","IFNA1","0","1","Receptor Ligand","0","NA","false","true","0","1","false","IFNA1","4","0","0","0","1","0"
,"TRUE",,,"false",,,"CAPNS1",,,"Protein",,"NA","false","false",,,"false","CAPNS1",,,,,,
"0","NA","0","0","false","0","0","IFNAR1","0","1","Receptor","1","NA","true","false","0","0","false","IFNAR1","3","0","0","0","1","0"
,"TRUE",,,"false",,,"ADORA2B",,,"Receptor",,"NA","true","false",,,"false","ADORA2B",,,,,,
,"TRUE",,,"false",,,"SLC9A3R2",,,"Protein",,"NA","false","false",,,"false","SLC9A3R2",,,,,,
"0","NA","0","1","false","0","0","IFNB1","0","0","Receptor Ligand","1","NA","false","true","0","1","false","IFNB1","5","0","0","1","1","0"
,"TRUE",,,"false",,,"CAPN1",,,"Protein",,"NA","false","false",,,"false","CAPN1",,,,,,
"0","NA","0","0","false","0","1","IFNG","0","0","Receptor Ligand","1","NA","false","true","0","0","false","IFNG","4","1","1","0","0","0"
"0","NA","0","0","false","0","0","IFNGR1","0","0","Receptor","1","NA","true","false","0","0","false","IFNGR1","2","0","1","0","0","0"
"0","NA","1","0","false","0","0","IL1A","0","0","Receptor Ligand","1","NA","false","true","0","0","false","IL1A","2","0","0","0","0","0"
"0","NA","0","0","false","0","0","IL1R1","1","0","Receptor","1","NA","true","false","0","0","false","IL1R1","3","0","1","0","0","0"
"0","NA","1","0","false","0","1","IL1B","1","0","Receptor Ligand","0","NA","false","true","0","0","false","IL1B","5","0","1","0","1","0"
"0","NA","1","0","false","0","0","CD4","0","0","Protein","0","NA","false","false","0","0","false","CD4","3","1","1","0","0","0"
"0","NA","0","0","false","0","0","LCK","0","0","Protein","0","NA","false","false","0","0","false","LCK","2","1","1","0","0","0"
"0","NA","0","0","false","0","0","FN1","0","0","Receptor Ligand","0","Regulation of actin cytoskeleton","false","true","1","0","false","FN1","1","0","0","0","0","0"
"0","NA","0","0","false","0","0","ITGA11","0","0","Protein","0","Regulation of actin cytoskeleton","false","false","1","0","false","ITGA11","1","0","0","0","0","0"
"0","NA","0","0","true","1","0","ESR1","0","0","End point - TF","0","Estrogen signaling pathway","false","false","0","0","false","ESR1","1","0","0","0","0","0"
"0","NA","0","0","true","1","1","FOS","0","0","End point - TF","1","NA","false","false","0","0","false","FOS","7","1","1","1","1","0"
"1","NA","0","0","true","0","0","RELA","0","0","End point - TF","0","C-type lectin receptor signaling pathway","false","false","0","0","false","RELA","1","0","0","0","0","0"
"1","NA","0","0","false","0","0","KSR1","0","0","Protein","0","C-type lectin receptor signaling pathway","false","false","0","0","false","KSR1","1","0","0","0","0","0"
"1","NA","0","0","false","0","0","PLK3","0","0","Protein","0","C-type lectin receptor signaling pathway","false","false","0","0","false","PLK3","1","0","0","0","0","0"
"0","NA","0","0","false","0","0","CYBB","0","1","End point - Others","0","NOD-like receptor signaling pathway","false","false","0","0","false","CYBB","1","0","0","0","0","0"
"0","NA","0","0","false","0","0","CYBA","0","1","End point - Others","1","NA","false","false","0","0","false","CYBA","2","0","0","0","0","0"
"0","NA","0","0","false","0","0","ISG15","0","0","Protein","0","RIG-I-like receptor signaling pathway","false","false","0","1","false","ISG15","1","0","0","0","0","0"
"0","NA","0","0","false","0","0","PRKCB","1","0","Protein","0","NF-kappa B signaling pathway","false","false","0","0","false","PRKCB","1","0","0","0","0","0"
"0","NA","0","0","false","0","0","CARD10","1","0","Protein","0","NF-kappa B signaling pathway","false","false","0","0","false","CARD10","1","0","0","0","0","0"
"0","NA","0","0","false","0","0","CARD11","1","0","Protein","0","NA","false","false","0","0","false","CARD11","2","1","0","0","0","0"
"0","NA","0","0","false","0","0","ZAP70","1","0","Protein","0","NA","false","false","0","0","false","ZAP70","3","1","1","0","0","0"
"0","NA","0","0","false","0","0","FYN","0","0","Protein","1","NA","false","false","0","0","false","FYN","2","1","0","0","0","0"
"0","NA","1","0","false","0","0","CSF1R","0","0","Protein","1","NA","false","false","0","0","false","CSF1R","3","0","0","0","0","1"
"0","NA","0","0","false","0","0","IRS1","0","0","Protein","1","Osteoclast differentiation","false","false","0","0","false","IRS1","1","0","0","0","0","0"
"0","NA","0","0","false","1","0","GRB2","0","0","Protein","1","NA","false","false","0","0","false","GRB2","3","1","0","0","0","0"
"0","NA","0","0","false","0","0","CD3E","0","0","Protein","0","T cell receptor signaling pathway","false","false","0","0","false","CD3E","1","1","0","0","0","0"
"0","NA","0","0","false","0","0","CTSB","0","1","Protein","0","NOD-like receptor signaling pathway","false","false","0","0","false","CTSB","1","0","0","0","0","0"
"1","NA","0","0","false","0","0","NLRP3","0","1","Protein","0","NA","false","false","0","0","false","NLRP3","2","0","0","0","0","0"
"0","NA","0","0","false","0","1","HSP90AA1","0","1","Protein","0","NA","false","false","0","0","false","HSP90AA1","2","0","0","0","0","0"
"0","NA","0","0","false","0","0","CD14","1","0","Receptor","0","NA","true","false","0","0","false","CD14","2","0","0","0","1","0"
"0","NA","0","0","false","0","0","PTPRC","0","0","Receptor","0","T cell receptor signaling pathway","true","false","0","0","false","PTPRC","1","1","0","0","0","0"
"0","NA","1","0","false","0","0","CSF1","0","0","Protein","1","NA","false","false","0","0","false","CSF1","3","0","0","0","0","1"
"0","NA","0","0","false","0","0","ARAF","0","0","Protein","0","Regulation of actin cytoskeleton","false","false","1","0","false","ARAF","1","0","0","0","0","0"
"0","NA","0","0","false","0","0","BCL2","0","1","Protein","0","NOD-like receptor signaling pathway","false","false","0","0","false","BCL2","1","0","0","0","0","0"
"0","NA","0","0","false","0","0","NLRP1","0","1","Protein","0","NOD-like receptor signaling pathway","false","false","0","0","false","NLRP1","1","0","0","0","0","0"
"0","NA","0","0","false","0","0","SPP1","0","0","Receptor Ligand","0","Toll-like receptor signaling pathway","false","true","0","0","false","SPP1","1","0","0","0","1","0"
"0","NA","0","0","false","0","0","CD28","0","0","Protein","0","T cell receptor signaling pathway","false","false","0","0","false","CD28","1","1","0","0","0","0"
"0","NA","0","0","false","0","0","GNG12","0","0","Protein","0","Regulation of actin cytoskeleton","false","false","1","0","false","GNG12","1","0","0","0","0","0"
"0","NA","0","0","false","0","0","FCGR1A","0","0","Receptor","1","Osteoclast differentiation","true","false","0","0","false","FCGR1A","1","0","0","0","0","0"
"1","FALSE","0","0","false","1","0","SRC","0","0","Protein","0","NA","false","false","1","0","false","SRC","3","0","0","0","0","0"
"0","NA","0","0","false","0","0","ARHGAP35","0","0","Protein","0","Regulation of actin cytoskeleton","false","false","1","0","false","ARHGAP35","1","0","0","0","0","0"
"0","NA","0","0","false","0","0","IRAK1","1","0","Protein","0","NA","false","false","0","0","false","IRAK1","2","0","0","0","1","0"
"0","NA","0","0","false","0","0","IRAK4","1","1","Protein","0","NA","false","false","0","0","false","IRAK4","3","0","0","0","1","0"
"1","NA","0","0","true","0","0","STAT1","0","1","End point - TF","1","NA","false","false","0","0","false","STAT1","5","0","1","0","1","0"
"0","NA","0","0","false","0","0","VAV1","0","0","Protein","0","NA","false","false","1","0","false","VAV1","2","1","0","0","0","0"
"0","NA","0","0","false","0","0","NCK1","0","0","Protein","0","T cell receptor signaling pathway","false","false","0","0","false","NCK1","1","1","0","0","0","0"
"1","NA","0","0","false","0","0","PLCG2","0","0","Protein","1","NA","false","false","0","0","false","PLCG2","2","0","0","0","0","0"
"1","NA","0","0","false","0","0","PPP3CA","0","0","Protein","1","NA","false","false","0","0","false","PPP3CA","4","1","1","0","0","0"
"0","NA","0","0","false","0","0","CAMK4","0","0","Protein","1","Osteoclast differentiation","false","false","0","0","false","CAMK4","1","0","0","0","0","0"
"0","NA","0","0","false","0","0","TYK2","0","1","Protein","0","NOD-like receptor signaling pathway","false","false","0","0","false","TYK2","1","0","0","0","0","0"
"0","TRUE","0","0","false","1","0","PRKACA","0","0","Protein","0","Estrogen signaling pathway","false","false","0","0","false","PRKACA","1","0","0","0","0","0"
"0","NA","0","0","false","1","0","KCNJ3","0","0","Protein","0","Estrogen signaling pathway","false","false","0","0","false","KCNJ3","1","0","0","0","0","0"
"0","NA","0","0","false","0","0","PRKCQ","1","0","Protein","0","NA","false","false","0","0","false","PRKCQ","2","1","0","0","0","0"
"0","TRUE","0","0","false","0","1","TRADD","0","0","Protein","0","NA","false","false","0","1","false","TRADD","3","0","0","1","0","0"
"0","NA","0","0","false","0","0","SLC9A1","0","0","Protein","0","Regulation of actin cytoskeleton","false","false","1","0","false","SLC9A1","1","0","0","0","0","0"
"0","FALSE","0","0","false","0","0","EZR","0","0","Protein","0","Regulation of actin cytoskeleton","false","false","1","0","false","EZR","1","0","0","0","0","0"
"0","NA","0","0","false","0","0","DAB2IP","0","0","Protein","0","TNF signaling pathway","false","false","0","0","false","DAB2IP","1","0","0","1","0","0"
"1","NA","0","0","false","0","0","BCL3","0","0","Protein","0","C-type lectin receptor signaling pathway","false","false","0","0","false","BCL3","1","0","0","0","0","0"
"0","NA","0","0","false","0","0","CD247","0","0","Protein","0","T cell receptor signaling pathway","false","false","0","0","false","CD247","1","1","0","0","0","0"
"0","NA","0","0","false","0","0","TNFAIP3","0","1","Protein","0","NOD-like receptor signaling pathway","false","false","0","0","false","TNFAIP3","1","0","0","0","0","0"
"0","NA","0","0","false","0","0","GNA13","0","0","Protein","0","Regulation of actin cytoskeleton","false","false","1","0","false","GNA13","1","0","0","0","0","0"
"0","NA","1","0","false","0","0","CD40","1","0","Receptor","0","NA","true","false","0","0","false","CD40","3","0","0","0","1","0"
"1","NA","0","0","false","1","1","MAPK1","0","1","Protein","1","NA","false","false","1","0","false","MAPK1","10","1","1","1","1","0"
"1","NA","0","0","true","0","0","JUN","0","1","End point - TF","0","NA","false","false","0","0","false","JUN","4","0","1","1","0","0"
"0","NA","0","0","true","0","1","CEBPB","0","0","End point - TF","0","NA","false","false","0","0","false","CEBPB","2","0","0","1","0","0"
"0","NA","0","0","false","0","0","ROCK1","0","0","Protein","0","Regulation of actin cytoskeleton","false","false","1","0","false","ROCK1","1","0","0","0","0","0"
"0","NA","0","0","true","1","0","ESR2","0","0","End point - TF","0","Estrogen signaling pathway","false","false","0","0","false","ESR2","1","0","0","0","0","0"
"0","NA","1","0","false","0","0","LAP3","0","0","Protein","0","NA","false","false","1","0","false","LAP3","2","0","0","0","0","0"
"0","NA","0","0","false","0","0","PTPN6","0","0","Receptor","0","T cell receptor signaling pathway","true","false","0","0","false","PTPN6","1","1","0","0","0","0"
"0","NA","0","0","false","0","0","CTLA4","0","0","Protein","0","T cell receptor signaling pathway","false","false","0","0","false","CTLA4","1","1","0","0","0","0"
"0","NA","0","0","false","0","0","PDCD1","0","0","Protein","0","T cell receptor signaling pathway","false","false","0","0","false","PDCD1","1","1","0","0","0","0"
"0","NA","0","0","false","1","0","NOS3","0","0","Protein","0","Estrogen signaling pathway","false","false","0","0","false","NOS3","1","0","0","0","0","0"
"0","NA","1","0","false","0","0","CD40LG","1","0","Protein","0","NA","false","false","0","0","false","CD40LG","3","1","0","0","0","0"
"1","NA","0","0","false","0","0","FCER1G","0","0","Receptor","0","C-type lectin receptor signaling pathway","true","false","0","0","false","FCER1G","1","0","0","0","0","0"
"1","NA","0","0","false","0","0","LSP1","0","0","Protein","0","C-type lectin receptor signaling pathway","false","false","0","0","false","LSP1","1","0","0","0","0","0"
"1","NA","0","0","false","0","0","RRAS2","0","0","Protein","0","NA","false","false","1","0","false","RRAS2","2","0","0","0","0","0"
"1","NA","0","1","false","0","1","IKBKE","0","1","Protein","0","NA","false","false","0","1","false","IKBKE","5","0","0","0","0","0"
"1","NA","0","0","false","0","0","CYLD","1","0","Protein","1","NA","false","false","0","1","false","CYLD","4","0","0","0","0","0"
"0","NA","0","0","false","1","0","GNAI1","0","0","Protein","0","Estrogen signaling pathway","false","false","0","0","false","GNAI1","1","0","0","0","0","0"
"0","NA","0","0","false","0","0","MYH9","0","0","Protein","0","Regulation of actin cytoskeleton","false","false","1","0","false","MYH9","1","0","0","0","0","0"
